id	priority	repository	state	scope	title	evidence	owner_route	closure_condition
META-AUD-01	P2	meta	SOURCE_REPAIRED_TESTED	governance	Branch and workspace isolation combined identity	META-153 | Current routing rejects combined identity and separates branch/worktree uniqueness; META routing suite exit 0.	Oteryn/Oteryn#153; evidence continuation #186	Retain independent branch/worktree negative controls.
META-AUD-02	P2	meta	PARTIALLY_REPAIRED	governance	Release-manifest structural and authenticity gap	META-153 | Current Draft202012 validation checks schema, identity and status. Actual validator reports 0 release manifests and provider evidence NOT_AUTHENTICATED.	Oteryn/Oteryn#153; evidence continuation #186	Qualify the first real release and authenticate exact provider evidence; structural PASS alone is insufficient.
META-AUD-03	P2	meta	RETIRED_SOURCE	governance	Orphan retired AI review compatibility code	META-153 | Legacy compatibility script and test paths are absent in the exact current tree. Retired review framework must not be revived.	Oteryn/Oteryn#153; evidence continuation #186	Keep deletion and consuming-policy retirement coherent; absence is not a security scan.
META-AUD-04	P2	meta	SOURCE_REPAIRED_TESTED	governance	Tests enforcing copied policy prose	META-153 | Current v3 routing and central policy validation replace the identified copied-controller pattern; relevant META checks exit 0.	Oteryn/Oteryn#153; evidence continuation #186	Preserve thin bootstraps and verify actual instruction delivery on provider adoption.
META-AUD-05	P2	meta	PARTIALLY_REPAIRED	governance	Historical authority and merge-up conflict	META-153 | Current access policy separates MQ candidate refresh from source-head churn. Historical/open PR authority liveness is not exhaustively revalidated.	Oteryn/Oteryn#153; evidence continuation #186	Classify remaining operative-looking documents/PRs against current v3 authority without deleting historical evidence.
META-PR151-02	P2	meta	SOURCE_REPAIRED	governance	Missing durable R5 reproduction	META-153 | Current instruction-debt-r5-reproduction directory contains script, results and manifest for its original source generation.	Oteryn/Oteryn#153; evidence continuation #186	Use the recorded original source identities; do not recast old reproduction as current provider failure.
META-AUD-07	P2	meta	SOURCE_REPAIRED_TESTED	governance	Hardcoded python3 portability	META-153 | Current bounded guard test invokes sys.executable; 21 Linux tests passed.	Oteryn/Oteryn#153; evidence continuation #186	Run the corresponding supported Windows job before asserting a current Windows qualification.
META-AUD-08	P2	meta	UNKNOWN_LIVE	governance	Private vulnerability reporting setting	META-153 | Historical disabled observation is not a current admin-state read.	Oteryn/Oteryn#153; evidence continuation #186	Authorized owner supplies dated nonsecret current setting and a verified private reporting channel.
META-AUD-09	P2	meta	UNKNOWN_LIVE	governance	Code scanning coverage	META-153 | Pinned META has no committed CodeQL workflow, but R2 exact-head addendum comment5576371945 records dynamic Actions/Python scan run34167902081. Scan execution is observed; current configuration, excluded scope, alerts and triage remain unverified.	Oteryn/Oteryn#153; evidence continuation #186	Record current scan capability, scope, excluded languages, findings and triage evidence; no zero-CVE assertion.
META-AUD-10	P2	meta	SOURCE_REPAIRED_TESTED	governance	Empty governance scope accepted	META-153 | Current validate_desired_state rejects an empty repository scope. Relevant META controls pass.	Oteryn/Oteryn#153; evidence continuation #186	Keep empty-scope mutation control in the validator suite.
META-AUD-11	P2	meta	SOURCE_REPAIRED_TESTED	governance	Boolean/integer policy type drift	META-153 | Current shared desired-state validator uses strict field types; CI consumes the same validation.	Oteryn/Oteryn#153; evidence continuation #186	Retain cross-consumer true-versus-1 rejection controls.
META-AUD-06	P3	meta	REQUIRES_REVALIDATION	governance	Continuation capability/profile coupling	META-153 | Historical recommendation retained; current continuation tests pass but a full semantic decoupling review is not claimed.	Oteryn/Oteryn#153; evidence continuation #186	Resolve against current machine policy with capability/profile test matrix, or explicitly disposition as design debt.
META-PR151-01	P3	meta	REQUIRES_REVALIDATION	governance	Alias scope ranges drift	META-153 | Historical low-risk prompt range inconsistency is retained rather than silently marked repaired.	Oteryn/Oteryn#153; evidence continuation #186	Match alias invocation to current prompt sections and validate one representative dispatch.
META-PR145-01	P3	meta	REQUIRES_LIVE_REVALIDATION	governance	Stale PR body coordinate	META-153 | Historical PR-body mismatch does not prove current mismatch.	Oteryn/Oteryn#153; evidence continuation #186	Read exact current PR #145 disposition and correct/supersede only operative metadata.
GAME-F01	P1	game	SOURCE_REPAIRED_RECORDED_CI	CURRENT_GATE	Grouped Windows native commands can mask an earlier failure	GAME-360 | Issue #364 comment 5575092954 binds #396/#411, exact gate blob and MQ run 34155914624. Fresh native nine-layer replay was not repeated.	Oteryn/Oteryn-Game#364; owning product/control-plane allocation; no repair lease granted here	A canary failing each non-final command makes the job and aggregate fail; success controls stay green.
GAME-F02	P2	game	SOURCE_REPAIRED_RECORDED_CI	CURRENT_GATE	Lifecycle test suite raises three setup errors and is absent from canonical execution	GAME-360 | Same WP1 closeout records real lifecycle discovery and injected-negative propagation; unchanged wrapper filename alone does not invalidate the repaired loader/workflow.	Oteryn/Oteryn-Game#364; owning product/control-plane allocation; no repair lease granted here	All three original cases execute their bodies and pass, and an intentionally failing discovered test fails the owning CI job.
GAME-F03	P2	game	SOURCE_REPAIRED_TESTED	CURRENT_GATE	Legacy semantic audit selects only three exact file sets	GAME-360 | Current dispatcher selects every intersecting profile and continues after a profile failure; 37 current source-oracle/dispatcher tests passed.	Oteryn/Oteryn-Game#364; owning product/control-plane allocation; no repair lease granted here	An unrelated additive file cannot suppress an applicable semantic check; current source changes have an intentionally defined disposition.
GAME-F04	P2	game	OPEN_QUALIFICATION	NEXT_GATE	Library bootstrap and executable client have separate composition roots	GAME-360 | Executable/library composition remains a G1 obligation, not resolved by the shell error-handling change.	Oteryn/Oteryn-Game#364; owning product/control-plane allocation; no repair lease granted here	A scenario follows input through the real production composition, and shutdown/cancellation/errors are exercised through the same controller.
GAME-F05	P2	game	SOURCE_REPAIRED	NEXT_GATE	Native release exits successfully after OS minimization	GAME-360 | Inspected current shell delta: configured-only redraw, retained first fatal error, failure return and lifecycle handling. No new Windows native qualification.	Oteryn/Oteryn-Game#364; owning product/control-plane allocation; no repair lease granted here	Exact release stays alive while minimized, restores and presents, closes normally, and returns a nonzero error for genuine fatal initialization/presentation failures; record actual artifact and adapter scope.
GAME-F06	P2	game	SOURCE_REPAIRED	NEXT_GATE	PKCE helper accepts an overlong verifier	GAME-360 | Current PKCE accepts 32..96 entropy bytes, rejects 31/97 and includes exact 43/128-character boundary tests; native tests not rerun here.	Oteryn/Oteryn-Game#364; owning product/control-plane allocation; no repair lease granted here	31-byte input rejects; 32 and 96 accept with lengths 43 and 128; 97 rejects. Use actual Rust tests, not a Python approximation.
GAME-F07	P2	game	OPEN_INHERITED	NEXT_GATE	Protection CHECK admits a NULL-valued expiry predicate	GAME-360 | Affected source identities were compared with the historical publication; no current repair/qualification is established. Preserve the bounded historical finding, not a claim of live exploit.	Oteryn/Oteryn-Game#364; owning product/control-plane allocation; no repair lease granted here	Full owning schema rejects invalid null combinations, accepts valid states, and migrations/old records/reload are qualified with PostgreSQL.
GAME-F08	P2	game	OPEN_INHERITED	CURRENT_GATE	Two PostgreSQL test helpers enforce different connection guards	GAME-360 | Affected source identities were compared with the historical publication; no current repair/qualification is established. Preserve the bounded historical finding, not a claim of live exploit.	Oteryn/Oteryn-Game#364; owning product/control-plane allocation; no repair lease granted here	Actual PgConnectOptions negative cases cover userinfo/path confusion, override variables and safe positive controls without connecting outside loopback.
GAME-F09	P2	game	REQUIRES_REVALIDATION	CURRENT_GATE	Reusable coordinator requires an active task path that was archived	GAME-360 | Prompt changed since the audit; do not carry the old stale-task finding forward or close it without current dispatch reconciliation.	Oteryn/Oteryn-Game#364; owning product/control-plane allocation; no repair lease granted here	The reusable entry point can resolve the active programme without reading a missing path or treating archived status as current.
GAME-F10	P3	game	PARTIALLY_REPAIRED	CURRENT_GATE	Retired review rules and duplicated routing remain in reusable prompts	GAME-360 | Legacy CODEX_REVIEW_POLICY.json is absent and current v3 binding exists. This does not certify all historical prompt text or actual client loading.	Oteryn/Oteryn-Game#364; owning product/control-plane allocation; no repair lease granted here	Representative task cases preserve safety and reduce needless reading/approval loops; no token-saving percentage without actual measurement.
GAME-F11	P2	game	SOURCE_REPAIRED	NEXT_GATE	Workspace checker does not validate declared paths against manifest paths	GAME-360 | Current checker compares exact package-name to manifest-directory mapping; source and negative-test changes inspected, Rust runtime not available.	Oteryn/Oteryn-Game#364; owning product/control-plane allocation; no repair lease granted here	A same-cardinality wrong path fails; real metadata passes; forbidden production-to-fixture and cycle controls remain enforced.
GAME-F12	P2	game	OPEN_INHERITED	NEXT_GATE	Semantic-search exporter workflow omits a consumed exporter path	GAME-360 | Affected source identities were compared with the historical publication; no current repair/qualification is established. Preserve the bounded historical finding, not a claim of live exploit.	Oteryn/Oteryn-Game#364; owning product/control-plane allocation; no repair lease granted here	A change to the consumed exporter runs downstream semantic qualification; unrelated docs do not force needless full data jobs.
GAME-F13	P2	game	OPEN_INHERITED	NEXT_GATE	Canonical Windows smoke does not execute its preceding release build	GAME-360 | Affected source identities were compared with the historical publication; no current repair/qualification is established. Preserve the bounded historical finding, not a claim of live exploit.	Oteryn/Oteryn-Game#364; owning product/control-plane allocation; no repair lease granted here	A tested digest equals the released artifact digest; release-server/client smoke and packaging checks use those files.
GAME-F14	NOTE	game	HISTORICAL_NOTE	CURRENT_GATE	Raw LLVM totals are not a clean whole-product coverage denominator	GAME-360 | Original assessment calibrated this to NOTE: test-inclusive LLVM coverage is not a production branch-coverage denominator.	Oteryn/Oteryn-Game#364; owning product/control-plane allocation; no repair lease granted here	No unexplained mapping warnings, explicit production denominator and platform coverage; uncovered or uninstantiated code cannot disappear from the report.
GAME-F15	P3	game	OPEN_INHERITED	NEXT_GATE	Appearance index helper can be called without companion integrity verification	GAME-360 | Affected source identities were compared with the historical publication; no current repair/qualification is established. Preserve the bounded historical finding, not a claim of live exploit.	Oteryn/Oteryn-Game#364; owning product/control-plane allocation; no repair lease granted here	Consumer-facing negative tests reject changed products, stale path-cache content and integer overflow while valid pinned/synthetic products remain accepted.
GAME-F16	P3	game	REQUIRES_LIVE_REVALIDATION	CURRENT_GATE	CODEOWNERS commentary overstates enforced review requirements	GAME-360 | Historical approval/CODEOWNERS policy wording discrepancy requires current intended policy and live configuration, not a blanket new human approval gate.	Oteryn/Oteryn-Game#364; owning product/control-plane allocation; no repair lease granted here	Documentation matches actual ruleset and current META governance without adding a retired AI gate or unapproved reviewer requirement.
GAME-F17	NOTE	game	OPEN_QUALIFICATION	NEXT_GATE	Fixture semantics and component success are not production gameplay integration	GAME-360 | Fixture success is not native real-producer gameplay, reconnect and durable restart qualification.	Oteryn/Oteryn-Game#364; owning product/control-plane allocation; no repair lease granted here	One real client-server-durable-result-reconnect journey passes through production boundaries; no fixture is promoted to live authority.
GAME-F18	P2	game	SOURCE_REPAIRED	NEXT_GATE	AI uniqueness check misses priority-separated duplicate candidate IDs	GAME-360 | Current perception checks duplicate candidate IDs before priority sorting, so the original separated-duplicate error is removed at source level.	AI lane under Game control-plane allocation	All six non-adjacent-duplicate permutations reject; unique candidates preserve canonical rank; limits and valid adjacent controls remain covered.
GAME-F19	P2	game	SOURCE_REPAIRED	NEXT_GATE	Direct public effect variants bypass positive magnitude validation	GAME-360 | Current plan and fixture commit validate positive magnitudes, including direct public variants; tests are present but native execution was not repeated.	Ability lane under Game control-plane allocation	Zero/negative direct Damage and Heal variants reject before effects; positive controls pass; atomic and sequential paths cannot partially mutate on rejection.
GAME-F20	P1	game	CONFIRMED_SOURCE	source_snapshot	Source-snapshot early-terminal bridge violates accepted PREPARE phase	GAME-360 | Original three source blobs match the pinned source cut; inspected lines 4281-4338, 2300-2314 and accepted contract 181-239 show predecessor PREPARE projection and original commit mutation in COMMIT. Additive bridge remains unactivated; no production incident alleged. | R3 lifecycle read: PR361 merged as3825e9c82ff388923f73548a807718807012f53f on2026-09-07; this source-cut result is retained, not alleged to persist in that later implementation. See r3-lifecycle.json.	Foundation #353 / repair PR #361; Durability #329 consumes corrected contract	For later protected source, verify exact successor/claims/predecessor fencing in PREPARE, COMMIT-only activation and immutable original receipt with phase/replay/reload/lost-response negatives; later PR merge alone is not this audit runtime requalification.
PLATFORM-F01	P1	platform	CONFIRMED_SOURCE	source_snapshot	Required exact-candidate fan-in is incomplete	PLATFORM-1294 | Pinned ci.yml aggregate covers classification/test, not separate Gateway/concurrency qualification. Gateway has no merge_group trigger.	Oteryn/Oteryn-Platform#451; audit #1294	One impact-to-profile contract selects PR/MQ jobs; aggregate rejects required missing, failed, cancelled or unjustified-skipped profiles.
PLATFORM-F02	P1	platform	CONFIRMED_SOURCE	source_snapshot	Email change lacks durable per-message delivery	PLATFORM-1294 | RequestIdentityEmailChange commits operation/security state before sending verification and old-address notifications. Mail failure injection was not executed.	Oteryn/Oteryn-Platform#451; audit #1294	Transactional outbox/equivalent persists each delivery intent with idempotency, retry/backoff, terminal state and restart/expiry/revocation tests.
PLATFORM-F03	P2	platform	CONFIRMED_SOURCE	phase_aware	Gateway request-body read deadline	PLATFORM-1294 | Server has ReadHeaderTimeout, WriteTimeout and IdleTimeout, but no ReadTimeout in current main.go. Impact depends on actual ingress controls.	Oteryn/Oteryn-Platform#451; audit #1294	Bound complete body reads and test stalled/chunked bodies with bounded memory and deadlines.
PLATFORM-F04	P2	platform	OPEN_INHERITED	phase_aware	Image/build reproducibility and provenance	PLATFORM-1294 | Historical image/system input pinning concern retained; source build composition changed and full hermetic rebuild was not executed.	Oteryn/Oteryn-Platform#451; audit #1294	Pin intended build inputs, record SBOM/provenance and demonstrate reproducibility or explicitly scoped variance.
PLATFORM-F05	P2	platform	CONFIRMED_SOURCE	phase_aware	Coverage baseline is report-only	PLATFORM-1294 | CI_COVERAGE_POLICY has report_only, null minimum and UNKNOWN baseline; this is assurance debt, not proof of bad tests. | R3 locked-source PCOV measurement:14414/17674 statements (81.55%) across491 files; branch coverage not measured. Policy threshold remains an owner decision, not an invented baseline guarantee.	Oteryn/Oteryn-Platform#451; audit #1294	Measure representative baseline first, then approve meaningful thresholds without arbitrary blanket 100% coverage.
PLATFORM-F06	P2	platform	LIVE_RECORD_RECONCILED	later_lifecycle_observation	Stale instruction adoption PR dependencies	Platform PR1270 CLOSED_UNMERGED atc2edd9f98fdad7496c79c6c2534251549ce577c7; supersession comment5568321947 names PR1304; PR1304 MERGED as907546f193e91b0bed2f5f077ab5b874771929ef. Fresh native reads2026-09-08; Issue1267 closure is not established here.	Oteryn/Oteryn-Platform#451; audit #1294	Do not reopen the superseded PR or create another adoption programme. Reconcile any still-open Issue1267 administrative lifecycle with the existing owner separately; no provider mutation by this audit.
PLATFORM-F07	P2	platform	PARTIALLY_REPAIRED	phase_aware	Parallel-first versus current execution routing	PLATFORM-1294 | Current bootstrap/binding adopts thin v3 authority; actual agent delivery and all routed remnants are not exhaustively qualified.	Oteryn/Oteryn-Platform#451; audit #1294	Qualify representative single-agent and beneficial-parallel tasks through the actual client, retaining current safe access routing.
PLATFORM-F08	P2	platform	REQUIRES_LIVE_REVALIDATION	phase_aware	Historical canary branch lifecycle	PLATFORM-1294 | Historical source publication canary branches are not assumed still present or safe to delete.	Oteryn/Oteryn-Platform#451; audit #1294	Read exact refs and PR/task ownership; apply existing terminal lifecycle only to proven terminal branches.
PLATFORM-F09	P2	platform	CONFIRMED_SOURCE	phase_aware	README local SQLite setup omits migration	PLATFORM-1294 | Current README lines30-40 creates database.sqlite and starts server without explicit migrations.	Oteryn/Oteryn-Platform#451; audit #1294	Qualify clean installation and document required migration/seeding path with safe environment boundaries.
PLATFORM-F10	P3	platform	OPEN_INHERITED	phase_aware	Wallet depends on Marketplace exception	PLATFORM-1294 | Historical module-boundary coupling retained, not a claim of payment malfunction.	Oteryn/Oteryn-Platform#451; audit #1294	Use a provider-appropriate domain exception or document/accept the dependency with tests.
PLATFORM-F11	P2	platform	CONFIRMED_SOURCE	phase_aware	Gateway shutdown is not joined to process lifetime	PLATFORM-1294 | Current main.go starts Shutdown in a goroutine; ListenAndServe returning ErrServerClosed permits main to return before shutdown finishes.	Oteryn/Oteryn-Platform#451; audit #1294	Join shutdown completion and test in-flight requests, deadlines, repeated signals and terminal process exit.
PLATFORM-F12	P2	platform	CONFIRMED_SOURCE	phase_aware	Synology path routing omits root lang	PLATFORM-1294 | Current image workflow omits lang/** although root context is used; no build/deploy was launched.	Oteryn/Oteryn-Platform#451; audit #1294	Map every image input to a selected build profile and include lang/** plus real routing negative/positive controls.
PLATFORM-F13	P2	platform	CONFIRMED_SOURCE	phase_aware	Image publication is independent of deployment validation	PLATFORM-1294 | build has no needs: validate-deployment; later deploy-staging depends on both. Staging sequencing is improved, but image publication can precede failed validation.	Oteryn/Oteryn-Platform#451; audit #1294	Specify artifact publication acceptance; enforce any required validation before publication without re-coupling slow remote deployment.
PLATFORM-F14	P2	platform	CONFIRMED_SOURCE	phase_aware	Docker build context broader than necessary	PLATFORM-1294 | Root .dockerignore is absent from exact Git tree and image workflow uses context: .; no sensitive-value exposure is inferred.	Oteryn/Oteryn-Platform#451; audit #1294	Bound image-specific context with explicit exclusions and prove required build inputs remain included.
PLATFORM-F15	P2	platform	OPEN_INHERITED	phase_aware	Recovery password lacks bounded upper input	PLATFORM-1294 | Current recovery service hashes newPassword; full request validation chain was not requalified for the historical finding.	Oteryn/Oteryn-Platform#451; audit #1294	Set a justified pre-hash input bound and test request and service boundaries without weakening password handling.
PLATFORM-F16	P1	platform	REPRODUCED	source_snapshot	Runtime changes can become docs-only	PLATFORM-1294 | Exact pinned classifier and gate reproduced two false negatives out of eight real Git cases; all28 policy fixtures and29 existing tests pass. Historical H01 is this same finding, not another one.	Oteryn/Oteryn-Platform#451; audit #1294	Status-aware NUL-delimited diff preserves both rename sides and type/mode/symlink changes; real Git regressions and fail-closed unknown statuses.
PLATFORM-H02	UNRATED	platform	REQUIRES_REVALIDATION	restricted_characterization	Restricted security characterization requires maintainer disposition	A controlled source-pinned component characterization with positive/negative controls was acquired during R3. The former unexecuted-hypothesis description is superseded. Details and reproduction are restricted to the owner under Platform SECURITY.md; this public register does not claim live HTTP or production exploitation.	Oteryn/Oteryn-Platform#451; audit #1294	Private security maintainer must assess severity/reachability on the relevant current source, bind a deterministic regression and disposition/remediation evidence; private submission and full resolution are not claimed by this audit.
ATLAS-F01	P1	atlas	REGRESSION_VERIFIED	historical_remediation	Canonical Python/JavaScript identity parity	ATLAS-342 | Oteryn/Oteryn-Atlas#315 | PR #355 | 7 cross-language vectors plus additional canonical controls passed in current Node run.	Oteryn/Oteryn-Atlas#315	Retain scoped regression and exact protected source evidence; do not infer restored verification/publication permission.
ATLAS-F02	P1	atlas	REGRESSION_VERIFIED	historical_remediation	Publication output-root safety	ATLAS-342 | Oteryn/Oteryn-Atlas#315 | PR #383 | 6 isolated Python output-safety tests passed, including overlap and failed-promotion rollback; no real publication.	Oteryn/Oteryn-Atlas#315	Retain scoped regression and exact protected source evidence; do not infer restored verification/publication permission.
ATLAS-F03	P1	atlas	REPORTED_CLOSED	historical_remediation	Exact obsolete verification deletion authority	ATLAS-342 | Oteryn/Oteryn-Atlas#315 | PR #362 | Issue315 records protected exact obsolete-contract inventory replacing wildcard deletion authority; no fresh control-plane bypass experiment.	Oteryn/Oteryn-Atlas#315	Retain scoped regression and exact protected source evidence; do not infer restored verification/publication permission.
ATLAS-F04	P2	atlas	REGRESSION_VERIFIED	historical_remediation	Persistent cache failure degradation	ATLAS-342 | Oteryn/Oteryn-Atlas#315 | PR #382 | Current injected cache-open/get/put failure/corruption regressions passed.	Oteryn/Oteryn-Atlas#315	Retain scoped regression and exact protected source evidence; do not infer restored verification/publication permission.
ATLAS-F05	P2	atlas	REGRESSION_VERIFIED	historical_remediation	Bound response reads before allocation	ATLAS-342 | Oteryn/Oteryn-Atlas#315 | PR #382 | Current stream-boundary test rejects oversized data without unbounded arrayBuffer; source-contract assertions have narrower scope than end-to-end proof.	Oteryn/Oteryn-Atlas#315	Retain scoped regression and exact protected source evidence; do not infer restored verification/publication permission.
ATLAS-F06	P2	atlas	REPORTED_CLOSED	historical_remediation	Post-quantization coordinate bounds	ATLAS-342 | Oteryn/Oteryn-Atlas#315 | PR #353 | Protected completion recorded in Issue315; coordinate suite not rerun here.	Oteryn/Oteryn-Atlas#315	Retain scoped regression and exact protected source evidence; do not infer restored verification/publication permission.
ATLAS-F07	P2	atlas	REGRESSION_VERIFIED	historical_remediation	Range cache accounting and in-flight sharing	ATLAS-342 | Oteryn/Oteryn-Atlas#315 | PR #382 | Current tests prove same-key in-flight sharing and single resident-byte accounting.	Oteryn/Oteryn-Atlas#315	Retain scoped regression and exact protected source evidence; do not infer restored verification/publication permission.
ATLAS-F08	P2	atlas	REGRESSION_VERIFIED	historical_remediation	Resolved URL confinement	ATLAS-342 | Oteryn/Oteryn-Atlas#315 | PR #382 | Current encoded traversal/scheme/path-prefix tests reject before invoking injected fetcher.	Oteryn/Oteryn-Atlas#315	Retain scoped regression and exact protected source evidence; do not infer restored verification/publication permission.
ATLAS-F09	P2	atlas	REPORTED_CLOSED	historical_remediation	Current E2E topology documentation	ATLAS-342 | Oteryn/Oteryn-Atlas#315 | PR #352 | Issue315 lists protected documentation correction; full product E2E remains unqualified.	Oteryn/Oteryn-Atlas#315	Retain scoped regression and exact protected source evidence; do not infer restored verification/publication permission.
ATLAS-F10	P2	atlas	REPORTED_CLOSED	historical_remediation	npm/Playwright update coverage	ATLAS-342 | Oteryn/Oteryn-Atlas#315 | PR #352 | Protected dependency-update coverage correction recorded; not a CVE-clean result.	Oteryn/Oteryn-Atlas#315	Retain scoped regression and exact protected source evidence; do not infer restored verification/publication permission.
ATLAS-F11	P2	atlas	REPORTED_CLOSED	historical_remediation	Negative-floor parser grammar	ATLAS-342 | Oteryn/Oteryn-Atlas#315 | PR #358 | Protected parser correction recorded; compiler/parser full matrix not rerun.	Oteryn/Oteryn-Atlas#315	Retain scoped regression and exact protected source evidence; do not infer restored verification/publication permission.
ATLAS-F12	P2	atlas	REGRESSION_VERIFIED	historical_remediation	Per-CDP-RPC deadline	ATLAS-342 | Oteryn/Oteryn-Atlas#315 | PR #358 | 3 current fake-WebSocket tests prove success, per-RPC timeout and outer deadline rejection; no actual browser qualification.	Oteryn/Oteryn-Atlas#315	Retain scoped regression and exact protected source evidence; do not infer restored verification/publication permission.
ATLAS-F13	P2	atlas	REPORTED_CLOSED	historical_remediation	Gameplay capability split	ATLAS-342 | Oteryn/Oteryn-Atlas#315 | PR#358 source split was reported complete. Follow-up impact routing#376 is separate; its later CLOSED/completed metadata is recorded in ATLAS-ROUTING-376, not treated as runtime qualification of the pinned snapshot.	Oteryn/Oteryn-Atlas#315	Retain scoped regression and exact protected source evidence; do not infer restored verification/publication permission.
ATLAS-F14	P2	atlas	REPORTED_CLOSED	historical_remediation	Live operations/recovery documentation	ATLAS-342 | Oteryn/Oteryn-Atlas#315 | PR #352 | Runbook correction recorded; current release DR remains an explicit unknown.	Oteryn/Oteryn-Atlas#315	Retain scoped regression and exact protected source evidence; do not infer restored verification/publication permission.
ATLAS-F15	P3	atlas	REPORTED_CLOSED	historical_remediation	README scope	ATLAS-342 | Oteryn/Oteryn-Atlas#315 | PR #352 | Protected current-scope README correction recorded.	Oteryn/Oteryn-Atlas#315	Retain scoped regression and exact protected source evidence; do not infer restored verification/publication permission.
ATLAS-F16	P3	atlas	LIVE_RECORD_RECONCILED	historical_remediation	Lifecycle current-state authority	ATLAS-342 | Oteryn/Oteryn-Atlas#315 | PR #362 | Current Issue315 opening body explicitly records the paused restoration state and F01-F16 closure.	Oteryn/Oteryn-Atlas#315	Retain scoped regression and exact protected source evidence; do not infer restored verification/publication permission.
RECOVERY-001	UNRATED	meta	REPORTED_IMPLEMENTED_NOT_REQUALIFIED	operations_unknown	Independent repository backup	RECOVERY-59 | Latest handoff reports daily Git bundles,30-day retention and four-repository isolated restore; no fresh NAS inspection.	Oteryn/Oteryn#59 / #60	Dated schedule/retention verification plus new exact ref/bundle restore proof.
RECOVERY-002	UNRATED	meta	REPORTED_OPEN	operations_unknown	GitHub metadata recovery	RECOVERY-59 | Latest handoff reports non-durable/incomplete exporter after rate-limit failure.	Oteryn/Oteryn#59 / #60	Independent sanitized Issues/PR/rules metadata snapshot with bounded reconstruction drill.
RECOVERY-003	UNRATED	meta	REPORTED_OPEN	operations_unknown	Package/release artifact recovery	RECOVERY-59 | Latest handoff reports missing read:packages capability and incomplete independent recovery source.	Oteryn/Oteryn#59 / #60	Authorized inventory plus digest-pinned independent artifact retention and non-destructive republish validation.
RECOVERY-004	UNRATED	meta	REPORTED_OPEN	operations_unknown	Independent secret recovery governance	RECOVERY-59 | Independent secret-value source remains required; no values were accessed.	Oteryn/Oteryn#59 / #60	Verify ownership, nonsecret inventory and recovery procedure without exposing secret values.
RECOVERY-005	UNRATED	meta	OWNER_DECISION_PENDING	operations_unknown	Second independent recovery identity	RECOVERY-59 | Handoff requests a second account; current organization owner count is not freshly verified.	Oteryn/Oteryn#59 / #60	Owner selects/authorizes an independent recovery path and supplies dated safe verification.
RECOVERY-006	UNRATED	meta	REPORTED_OPEN	operations_unknown	Production backup/restore RPO/RTO	RECOVERY-59 | Current product data restore and RPO/RTO remain unproven in retained programme.	Oteryn/Oteryn#59 / #60	Approved current-release/data snapshot restore, application smoke, rollback and measured RPO/RTO.
RECOVERY-007	UNRATED	meta	HISTORICAL_TERMINAL	operations_unknown	Prior recovery closure	RECOVERY-59 | Issue59 explicitly excludes already terminal GAP007 from reopened scope.	Oteryn/Oteryn#59 / #60	Do not reopen without new invalidating evidence.
GAME-CANDIDATE-361	P1	game	REPORTED_IMPLEMENTED_NOT_REQUALIFIED	later_merged_candidate	Retired-session nonreuse across multiple replacements	Earlier review3948631113 concerned a historical candidate. Native GitHub now reports final head444dddd6f5da6db934781b30615c23867b0381cf merged as3825e9c82ff388923f73548a807718807012f53f on2026-09-07T22:39:46Z. Stale PR prose still describes an older draft and is not live status authority. Subsequent repair/review is recorded, not independently rerun by this audit.	Oteryn/Oteryn-Game#353 / #361; WP4 #329 / #335	Bind the final implementation and provider qualification to complete persisted/reloaded session nonreuse across replacement families; audit must not carry the old candidate-only allegation forward as a newly confirmed defect on main.
ATLAS-ROUTING-376	P2	atlas	LIVE_RECORD_RECONCILED	later_lifecycle_observation	Gameplay split impact routing follow-up	Native Issue376 read2026-09-08: CLOSED, state_reason=completed, closed_at2026-09-07T22:54:20Z. The issue remains separate from F01-F16. Closure metadata does not qualify execution/restoration on this audit source snapshot.	Oteryn/Oteryn-Atlas#376 / #315	Retain source-generation separation and obtain exact relevant routing regression evidence for later qualification; do not reactivate workflows or escalate to real_fullworld by interpreting an issue closure as authority.
PLATFORM-F17	P2	platform	REPRODUCED	source_snapshot	Dedicated Announcements workflow omits its locale input paths	r3-trigger-evidence.json binds six immutable blobs at Platformde917b3. Eight static probes: EN/PL locale-only changes are not selected for pull_request/push (four counterexamples); app/spec changes are selected (four controls). Ticker and EN/PL browser assertions consume those locale keys. No live event or protected merge bypass was tested.	Oteryn/Oteryn-Platform#451; existing audit PR#1294	Express the consumed locale inputs in the existing impact/trigger contract and add positive/negative selection regressions; demonstrate relevant PR/MQ behavior without creating another required aggregate or claiming all other workflows skipped.
