id,head_sha,created_at,updated_at
33667332826,43ea7d5da57bb4b58d27e3d42a4a7c157dba75c0,2026-09-02T18:27:43Z,2026-09-02T18:27:56Z
33667176305,bb67bee89c6b53d1bb33fc31fc43f7c4abfd8276,2026-09-02T18:26:10Z,2026-09-02T18:26:20Z
33666444709,6de050566059b357f1660f08f15f35385273f8fb,2026-09-02T18:18:58Z,2026-09-02T18:19:12Z
33666379046,c57f6f11bea46ad4a4bb285fb10ac6e64438fa0d,2026-09-02T18:18:18Z,2026-09-02T18:18:28Z
33666283520,74fcdf3a29204b1d27f1a6d31b71db14f0b0ac5d,2026-09-02T18:17:21Z,2026-09-02T18:17:32Z
33666037121,05d74ee35f9aa22e106f912a27ea03da52c1f5f1,2026-09-02T18:14:54Z,2026-09-02T18:15:04Z
33665862219,50d8d6e0ea4b2f25fffcba3591b351193543cd2e,2026-09-02T18:13:10Z,2026-09-02T18:13:20Z
33665732731,e292a169578ec673f6b91ac7c6ebc1a67701a785,2026-09-02T18:11:53Z,2026-09-02T18:12:03Z
33665556530,169969575ec3f717cd64bfcc8f05a6263843be3a,2026-09-02T18:10:09Z,2026-09-02T18:10:20Z
33665000778,a63f4dd7f210fe62cbf83c53bb72e9028e9ae9e6,2026-09-02T18:04:43Z,2026-09-02T18:04:55Z
33664942585,a63f4dd7f210fe62cbf83c53bb72e9028e9ae9e6,2026-09-02T18:04:10Z,2026-09-02T18:04:19Z
33664103693,2d23d68b092e52bbd13ad7f10869d8d88d629d23,2026-09-02T17:55:57Z,2026-09-02T17:56:12Z
33663842353,0aa6f1ef0c833870fda5321f005f8cb3e1410627,2026-09-02T17:53:21Z,2026-09-02T17:53:33Z
33663090529,0f4c031bb124cf9da1381ed3d7ee76bf6eccebb9,2026-09-02T17:45:58Z,2026-09-02T17:46:08Z
33662344621,ada193ca18ed06573633557f648bc7df08b3ef2a,2026-09-02T17:38:36Z,2026-09-02T17:38:53Z
33661581456,6d347220bbcd92ad8bdf0cf8284d81ddbab6c162,2026-09-02T17:31:14Z,2026-09-02T17:31:25Z
33652449314,6797be076059302451ec3a3dc43995abc9153786,2026-09-02T16:02:46Z,2026-09-02T16:02:56Z
33651321165,0ba101cd9dae4d6662931b4b6bdf76c3ba11bc69,2026-09-02T15:52:06Z,2026-09-02T15:52:18Z
33650405221,c8d837d3f0436a5fbd0f8130bf7d861fd791a4a2,2026-09-02T15:43:33Z,2026-09-02T15:43:47Z
33649043378,bbef22d9954adf7600bc8fdd3a00812478e2c057,2026-09-02T15:30:57Z,2026-09-02T15:31:11Z
33645509239,40f6717ed77f2f279f8ba79e5d29b1b660514b3e,2026-09-02T14:58:17Z,2026-09-02T14:58:27Z
33645332732,6da098619cd8c77eea8e7aec811aef14e363905e,2026-09-02T14:56:37Z,2026-09-02T14:56:47Z
33645273678,6da098619cd8c77eea8e7aec811aef14e363905e,2026-09-02T14:56:03Z,2026-09-02T14:56:12Z
33644515201,b8527c86c8f6d6638769e8c53fd072b78fde3f6b,2026-09-02T14:49:02Z,2026-09-02T14:49:13Z
33644342953,74fcccfebc68b640bc95f106574cf3d754d33bc6,2026-09-02T14:47:24Z,2026-09-02T14:47:41Z
33644300842,10b7ca6336f925a4f5e40bed6318084a1c937c7d,2026-09-02T14:47:00Z,2026-09-02T14:47:09Z
33644235873,d1d10526106ef67501f1e302c0bf6b267f615af7,2026-09-02T14:46:24Z,2026-09-02T14:46:35Z
33644208909,f5fda977bdba8704656d8578a076c81bfe123f46,2026-09-02T14:46:09Z,2026-09-02T14:46:24Z
33644146523,f5fda977bdba8704656d8578a076c81bfe123f46,2026-09-02T14:45:35Z,2026-09-02T14:45:47Z
33644001618,55162ead5fb210ae608b04aca85ffbb4799e96c3,2026-09-02T14:44:17Z,2026-09-02T14:44:31Z
33643647441,1b06e2b5af1bc16822fce001974f3fe07bacd105,2026-09-02T14:41:05Z,2026-09-02T14:41:16Z
33642878066,31898910d271258f56818a5d4be1361e3389bb0a,2026-09-02T14:33:56Z,2026-09-02T14:34:10Z
33641241105,f704f8af3580b77181557dd88e00202d1327e832,2026-09-02T14:18:56Z,2026-09-02T14:19:10Z
33641015273,f704f8af3580b77181557dd88e00202d1327e832,2026-09-02T14:16:51Z,2026-09-02T14:17:04Z
33640787350,7d87cdeaa3f32a0a00fff413fecfb9921b48de93,2026-09-02T14:14:44Z,2026-09-02T14:14:57Z
33640647249,4fb109766e6566973153783d2f0448cc74a913b4,2026-09-02T14:13:24Z,2026-09-02T14:13:37Z
33640562951,6649dbafb7501dab257c37bca5fd3acc0e28f891,2026-09-02T14:12:38Z,2026-09-02T14:12:53Z
33640526488,d390e1624369259b67b703bb6e33e9803454416f,2026-09-02T14:12:18Z,2026-09-02T14:12:33Z
33640376877,366fff22efe8e45d8aec10a5740ff5365d8a7343,2026-09-02T14:10:55Z,2026-09-02T14:11:07Z
33639153849,c8c7241095757ff1d838a33ec06b4d410d46bd7f,2026-09-02T13:59:32Z,2026-09-02T13:59:42Z
33639096052,c8c7241095757ff1d838a33ec06b4d410d46bd7f,2026-09-02T13:58:58Z,2026-09-02T13:59:11Z
33638222587,ebaa0ccf8358da98d07a08e384aaa41b7701b0f8,2026-09-02T13:50:36Z,2026-09-02T13:50:46Z
33638077146,5f8afc4e9e587ea5eb8d2297c147f0041f867820,2026-09-02T13:49:13Z,2026-09-02T13:49:23Z
33637976853,9383e6485a34ef1ca772e381c6efe77362722fb8,2026-09-02T13:48:14Z,2026-09-02T13:48:22Z
33637917663,17e572d8702b6d7dfe851f3748124d9f8db31085,2026-09-02T13:47:40Z,2026-09-02T13:47:49Z
33637861744,220cc780af6633c2ee29db4f5500cc420e9102a2,2026-09-02T13:47:08Z,2026-09-02T13:47:25Z
33636533640,1b56991a1d930dbd2de09d50ee8d9d697a2e48bb,2026-09-02T13:34:20Z,2026-09-02T13:34:30Z
33636398820,c4b0a34d5fc8741abe0e6862da39156ff09f06c4,2026-09-02T13:33:02Z,2026-09-02T13:33:14Z
33636335338,c85ff8d06fee46e821a907228ccdc4d14bac3f66,2026-09-02T13:32:24Z,2026-09-02T13:32:35Z
33636229684,e58b0e764aeb0ef40fd9f6e16e9d9ab399e4551c,2026-09-02T13:31:22Z,2026-09-02T13:31:33Z
33635683651,dc79ccea52d993dd1487519d6a58a4e6302b91cf,2026-09-02T13:26:01Z,2026-09-02T13:26:12Z
33635535922,3ae143a8acf36af9eb2ced8b4eee3c3cf3eb9b74,2026-09-02T13:24:32Z,2026-09-02T13:24:43Z
33635520547,8f20a1c998728d5a84d371eeaaf7d10d2a7a9617,2026-09-02T13:24:23Z,2026-09-02T13:24:36Z
33635476619,3ae143a8acf36af9eb2ced8b4eee3c3cf3eb9b74,2026-09-02T13:23:58Z,2026-09-02T13:24:13Z
33635358966,ace282a3bbc23b867ebaff3c8bcd4212031104f2,2026-09-02T13:22:48Z,2026-09-02T13:23:02Z
